1;Com\nAA;Apellido1 Apellido 2, Nombre
2;ComB;Apellido1, Nombre
3;ComC;Apellido1 Apellido 2, Nombre
4;ComD;Apellido1, Nombre
5;ComE;Apellido1 Apellido 2, Nombre
6;ComF;Apellido1, Nombre
7;ComG;Apellido1 Apellido 2, Nombre
8;ComH;Apellido1, Nombre
9;ComI;Apellido1 Apellido 2, Nombre
10;ComJ;Apellido1, Nombre
1;ComK;Apellido1 Apellido 2, Nombre
2;ComL;Apellido1, Nombre
3;ComM;Apellido1 Apellido 2, Nombre
4;ComN;Apellido1, Nombre
5;ComO;Apellido1 Apellido 2, Nombre
6;ComP;Apellido1, Nombre
7;ComQ;Apellido1 Apellido 2, Nombre
8;ComR;Apellido1, Nombre
9;ComS;Apellido1 Apellido 2, Nombre
10;ComT;Apellido1, Nombre
1;ComU;Apellido1 Apellido 2, Nombre
2;ComV;Apellido1, Nombre
3;ComW;Apellido1 Apellido 2, Nombre
4;ComX;Apellido1, Nombre
5;ComY;Apellido1 Apellido 2, Nombre
6;ComZ;Apellido1, Nombre
